Time,Y
1.0,10.0
1.1,1.4812499999999833
1.2,1.6119761865284812
