Time,Y
1.0,10.0
1.1,2.522699168060143
1.2,2.186755774742551
