Time,Y
1.0,10.0
1.1,2.652147239262555
1.2,2.246204219050886
