Time,Y,Z
1.0,2.0,2.0
1.1,2.1950000000000003,1.8731649999999997
1.2,2.375253755636875,1.716934088254878
